Day_of_week,Age_band_of_driver,Sex_of_driver,Educational_level,Vehicle_driver_relation,Driving_experience,Type_of_vehicle,Owner_of_vehicle,Area_accident_occured,Lanes_or_Medians,Road_allignment,Types_of_Junction,Road_surface_type,Road_surface_conditions,Light_conditions,Weather_conditions,Type_of_collision,Number_of_vehicles_involved,Number_of_casualties,Vehicle_movement,Casualty_severity,Cause_of_accident,Accident_severity,Time_Period
Wednesday,31-50,Male,Junior high school,Employee,5-10yr,Stationwagen,Organization,Residential areas,Undivided Two way,Tangent road with flat terrain,Y Shape,Earth roads,Dry,Daylight,Normal,Vehicle with vehicle collision,3,3,Going straight,3,Driving carelessly,Slight Injury,Morning
Wednesday,31-50,Male,Junior high school,Employee,5-10yr,Lorry (41?100Q),Owner,Office areas,One way,Tangent road with flat terrain,Y Shape,Earth roads,Dry,Darkness - lights lit,Normal,Vehicle with vehicle collision,1,1,Going straight,3,Changing lane to the right,Serious Injury,Morning
Wednesday,Under 18,Male,Junior high school,Employee,5-10yr,Other,Governmental,Residential areas,Two-way (divided with broken lines road marking),Tangent road with flat terrain,Y Shape,Asphalt roads,Dry,Daylight,Normal,Vehicle with vehicle collision,2,1,Going straight,3,No priority to pedestrian,Serious Injury,Morning
Friday,18-30,Male,Junior high school,Employee,Above 10yr,Stationwagen,Owner,Other,One way,Tangent road with flat terrain,Y Shape,Asphalt roads,Dry,Daylight,Normal,Vehicle with vehicle collision,2,1,Moving Backward,3,No priority to vehicle,Serious Injury,Afternoon
Friday,18-30,Female,High school,Employee,Above 10yr,Automobile,Owner, Industrial areas,Two-way (divided with broken lines road marking),Tangent road with flat terrain,Y Shape,Asphalt roads,Dry,Daylight,Normal,Vehicle with vehicle collision,2,1,Going straight,2,Changing lane to the left,Slight Injury,Afternoon
Tuesday,31-50,Male,Junior high school,Employee,Above 10yr,Other,Owner,Residential areas,Undivided Two way,Steep grade downward with mountainous terrain,Y Shape,Asphalt roads,Dry,Daylight,Normal,Vehicle with vehicle collision,2,1,Going straight,2,Driving to the left,Slight Injury,Evening
Tuesday,Over 51,Male,Junior high school,Employee,Above 10yr,Lorry (41?100Q),Owner,Other,Two-way (divided with broken lines road marking),Tangent road with flat terrain,Y Shape,Asphalt roads,Dry,Daylight,Normal,Vehicle with vehicle collision,2,1,Going straight,3,Driving carelessly,Slight Injury,Evening
Sunday,Over 51,Male,Junior high school,Employee,5-10yr,Public (> 45 seats),Owner,Office areas,Undivided Two way,Tangent road with flat terrain,Y Shape,Asphalt roads,Dry,Daylight,Normal,Collision with roadside objects,6,2,Other,3,Driving carelessly,Serious Injury,Morning
Friday,31-50,Male,Junior high school,Employee,Below 1yr,Pick up upto 10Q,Owner,Office areas,other,Tangent road with mountainous terrain and,Y Shape,Asphalt roads,Dry,Daylight,Normal,Vehicle with vehicle collision,6,2,Reversing,3,Changing lane to the right,Serious Injury,Morning
Thursday,18-30,Male,Junior high school,Employee,2-5yr,Public (12 seats),Owner, Church areas,Two-way (divided with broken lines road marking),Steep grade downward with mountainous terrain,Y Shape,Asphalt roads,Dry,Daylight,Normal,Vehicle with vehicle collision,6,2,Going straight,3,Moving Backward,Serious Injury,Morning
Friday,31-50,Male,Junior high school,Employee,Below 1yr,Lorry (41?100Q),Governmental,Office areas,Undivided Two way,Tangent road with flat terrain,Y Shape,Asphalt roads,Dry,Daylight,Normal,Collision with pedestrians,2,2,Going straight,3,Changing lane to the right,Slight Injury,Night
Sunday,18-30,Male,Writing & reading,Employee,Below 1yr,Lorry (41?100Q),Owner,Office areas,other,Tangent road with mountainous terrain and,Y Shape,Asphalt roads,Dry,Daylight,Normal,Vehicle with vehicle collision,1,1,Going straight,2,Driving carelessly,Slight Injury,Night
Sunday,Over 51,Male,Junior high school,Employee,1-2yr,Motorcycle,Owner,Other,Two-way (divided with broken lines road marking),Tangent road with flat terrain,Y Shape,Asphalt roads,Dry,Daylight,Normal,Collision with roadside objects,2,1,Going straight,3,Changing lane to the right,Serious Injury,Night
Tuesday,31-50,Female,Elementary school,Employee,Above 10yr,Lorry (41?100Q),Owner,Residential areas,Undivided Two way,Tangent road with flat terrain,Y Shape,Asphalt roads,Dry,Daylight,Normal,Vehicle with vehicle collision,2,1,Going straight,3,Driving carelessly,Serious Injury,Evening
Tuesday,Unknown,Male,Elementary school,Employee,Above 10yr,Ridden horse,Owner,Office areas,Undivided Two way,Tangent road with flat terrain,Y Shape,Asphalt roads,Dry,Daylight,Normal,Vehicle with vehicle collision,2,1,Going straight,3,Overtaking,Serious Injury,Evening
Tuesday,Unknown,Male,Elementary school,Employee,Below 1yr,Automobile,Owner,Office areas,Undivided Two way,Tangent road with flat terrain,Y Shape,Asphalt roads,Dry,Daylight,Normal,Vehicle with vehicle collision,2,1,Moving Backward,3,Changing lane to the right,Slight Injury,Evening
Sunday,Under 18,Male,Junior high school,Employee,2-5yr,Pick up upto 10Q,Owner,Office areas,Undivided Two way,Tangent road with flat terrain,Y Shape,Asphalt roads,Dry,Daylight,Normal,Vehicle with vehicle collision,3,2,Going straight,3,Other,Slight Injury,Afternoon
Friday,18-30,Male,Junior high school,Employee,2-5yr,Stationwagen,Owner,Office areas,Two-way (divided with broken lines road marking),Tangent road with flat terrain,Y Shape,Asphalt roads,Dry,Daylight,Normal,Vehicle with vehicle collision,3,2,Moving Backward,3,Changing lane to the right,Slight Injury,Morning
Wednesday,31-50,Male,Junior high school,Employee,2-5yr,Automobile,Owner,Office areas,Two-way (divided with broken lines road marking),Tangent road with flat terrain,Y Shape,Asphalt roads,Dry,Daylight,Normal,Collision with roadside objects,1,1,Going straight,3,Overtaking,Slight Injury,Night
Wednesday,31-50,Male,High school,Employee,1-2yr,Public (12 seats),Owner,Other,Undivided Two way,Tangent road with flat terrain,Y Shape,Asphalt roads,Dry,Daylight,Normal,Collision with roadside objects,1,1,Turnover,3,Other,Slight Injury,Night
Tuesday,Over 51,Male,Junior high school,Employee,5-10yr,Automobile,Owner,Other,Two-way (divided with broken lines road marking),Tangent road with flat terrain,Y Shape,Asphalt roads,Dry,Daylight,Normal,Vehicle with vehicle collision,2,2,Turnover,3,Driving to the left,Slight Injury,Evening
Tuesday,31-50,Male,Junior high school,Employee,Below 1yr,Automobile,Owner,Other,Two-way (divided with broken lines road marking),Tangent road with flat terrain,Y Shape,Asphalt roads,Dry,Daylight,Normal,Vehicle with vehicle collision,2,2,Going straight,3,Overtaking,Slight Injury,Evening
Sunday,31-50,Male,Elementary school,Employee,5-10yr,Lorry (41?100Q),Owner,School areas,Undivided Two way,Tangent road with mild grade and flat terrain,Y Shape,Asphalt roads,Dry,Daylight,Normal,Vehicle with vehicle collision,1,1,Going straight,3,Moving Backward,Slight Injury,Evening
Sunday,31-50,Male,Junior high school,Employee,Below 1yr,Automobile,Owner,Residential areas,Undivided Two way,Tangent road with mild grade and flat terrain,Y Shape,Gravel roads,Dry,Daylight,Normal,Vehicle with vehicle collision,2,1,Going straight,2,Other,Slight Injury,Evening
Thursday,Over 51,Male,High school,Employee,1-2yr,Taxi,Owner,Other,Undivided Two way,Tangent road with flat terrain,Y Shape,Asphalt roads,Wet or damp,Darkness - lights lit,Raining,Collision with roadside objects,2,3,Getting off,3,Changing lane to the right,Slight Injury,Evening
Friday,Under 18,Male,Junior high school,Employee,Below 1yr,Public (12 seats),Owner,Other,Two-way (divided with broken lines road marking),Tangent road with flat terrain,Y Shape,Asphalt roads,Wet or damp,Darkness - lights lit,Raining,Vehicle with vehicle collision,2,3,Other,3,Changing lane to the right,Slight Injury,Evening
Monday,Unknown,Male,High school,Employee,Above 10yr,Stationwagen,Owner,Other,Two-way (divided with broken lines road marking),Tangent road with flat terrain,Y Shape,Asphalt roads,Dry,Daylight,Normal,Vehicle with vehicle collision,1,2,Going straight,3,Driving to the left,Serious Injury,Morning
Tuesday,Under 18,Male,Elementary school,Employee,Below 1yr,Automobile,Owner,Office areas,Two-way (divided with solid lines road marking),Tangent road with flat terrain,Y Shape,Asphalt roads,Dry,Daylight,Normal,Vehicle with vehicle collision,2,1,Going straight,3,Moving Backward,Serious Injury,Afternoon
Friday,Unknown,Male,Junior high school,Employee,5-10yr,Lorry (41?100Q),Owner,Residential areas,Undivided Two way,Tangent road with flat terrain,Y Shape,Asphalt roads,Dry,Daylight,Normal,Vehicle with vehicle collision,2,1,Going straight,3,Driving at high speed,Serious Injury,Night
Friday,18-30,Male,Elementary school,Owner,5-10yr,Automobile,Owner,Office areas,One way,Tangent road with flat terrain,Y Shape,Asphalt roads,Dry,Daylight,Normal,Vehicle with vehicle collision,2,1,Going straight,3,Moving Backward,Serious Injury,Night
Tuesday,31-50,Male,Junior high school,Employee,Above 10yr,Automobile,Owner,Office areas,Undivided Two way,Tangent road with flat terrain,Y Shape,Asphalt roads,Dry,Daylight,Normal,Collision with roadside objects,1,1,Going straight,3,Other,Slight Injury,Night
Tuesday,18-30,Male,Junior high school,Employee,5-10yr,Automobile,Owner,Other,Two-way (divided with broken lines road marking),Tangent road with flat terrain,Y Shape,Asphalt roads,Dry,Daylight,Normal,Rollover,2,1,Going straight,3,No priority to vehicle,Slight Injury,Night
Friday,31-50,Male,High school,Employee,1-2yr,Lorry (41?100Q),Owner,Office areas,One way,Tangent road with flat terrain,Y Shape,Asphalt roads,Dry,Daylight,Normal,Vehicle with vehicle collision,2,1,Going straight,3,Changing lane to the right,Slight Injury,Morning
Monday,Over 51,Male,Elementary school,Employee,2-5yr,Motorcycle,Owner,Residential areas,One way,Tangent road with flat terrain,Y Shape,Asphalt roads,Dry,Daylight,Normal,Vehicle with vehicle collision,2,1,Going straight,3,No distancing,Slight Injury,Afternoon
Monday,Over 51,Male,Junior high school,Employee,Below 1yr,Automobile,Owner,Office areas,Undivided Two way,Tangent road with flat terrain,Y Shape,Asphalt roads,Wet or damp,Daylight,Normal,Vehicle with vehicle collision,1,1,Going straight,3,Driving carelessly,Serious Injury,Afternoon
Sunday,Over 51,Male,Junior high school,Employee,5-10yr,Automobile,Owner,Office areas,Undivided Two way,Tangent road with flat terrain,Y Shape,Asphalt roads,Dry,Daylight,Other,Collision with pedestrians,2,1,Going straight,3,Moving Backward,Slight Injury,Evening
Sunday,31-50,Female,Elementary school,Employee,1-2yr,Public (> 45 seats),Owner,Other,other,Tangent road with flat terrain,Y Shape,Asphalt roads,Wet or damp,Daylight,Normal,Vehicle with vehicle collision,2,1,Moving Backward,3,Moving Backward,Slight Injury,Evening
Thursday,31-50,Male,Junior high school,Owner,1-2yr,Automobile,Owner,Office areas,Two-way (divided with broken lines road marking),Tangent road with flat terrain,Y Shape,Gravel roads,Dry,Daylight,Normal,Vehicle with vehicle collision,2,1,Going straight,3,No distancing,Slight Injury,Afternoon
Friday,Under 18,Male,Junior high school,Employee,5-10yr,Other,Owner,Residential areas,Two-way (divided with broken lines road marking),Tangent road with flat terrain,Y Shape,Asphalt roads,Dry,Daylight,Normal,Collision with roadside objects,2,1,Going straight,3,Other,Slight Injury,Afternoon
Friday,Over 51,Male,Junior high school,Employee,Above 10yr,Stationwagen,Owner,Other,Two-way (divided with broken lines road marking),Tangent road with flat terrain,Y Shape,Asphalt roads,Dry,Daylight,Normal,Vehicle with vehicle collision,2,1,Going straight,3,No distancing,Slight Injury,Afternoon
Thursday,31-50,Male,Junior high school,Employee,5-10yr,Taxi,Owner,Office areas,Two-way (divided with broken lines road marking),Tangent road with flat terrain,Y Shape,Earth roads,Dry,Darkness - lights lit,Normal,Vehicle with vehicle collision,1,1,Going straight,3,Moving Backward,Serious Injury,Morning
Monday,31-50,Male,Junior high school,Employee,Below 1yr,Other,Owner,Office areas,Two-way (divided with broken lines road marking),Tangent road with flat terrain,Y Shape,Asphalt roads,Dry,Daylight,Normal,Vehicle with vehicle collision,1,1,Other,3,No priority to pedestrian,Slight Injury,Evening
Monday,31-50,Male,Junior high school,Employee,5-10yr,Public (12 seats),Owner, Church areas,Undivided Two way,Tangent road with flat terrain,Y Shape,Asphalt roads,Dry,Daylight,Normal,Vehicle with vehicle collision,1,1,Going straight,3,No distancing,Slight Injury,Afternoon
Monday,Over 51,Male,High school,Employee,Above 10yr,Automobile,Governmental,Other,One way,Tangent road with flat terrain,Y Shape,Asphalt roads,Wet or damp,Daylight,Raining,Vehicle with vehicle collision,1,1,Going straight,3,No priority to pedestrian,Slight Injury,Morning
Monday,Over 51,Male,Junior high school,Employee,5-10yr,Automobile,Owner,Office areas,Undivided Two way,Tangent road with flat terrain,Y Shape,Asphalt roads,Wet or damp,Daylight,Raining,Vehicle with vehicle collision,2,2,Overtaking,3,Driving carelessly,Slight Injury,Morning
Monday,Unknown,Male,Elementary school,Employee,1-2yr,Public (13?45 seats),Owner,Office areas,Two-way (divided with broken lines road marking),Tangent road with flat terrain,Y Shape,Asphalt roads,Wet or damp,Daylight,Raining,Vehicle with vehicle collision,2,2,Reversing,3,Getting off the vehicle improperly,Slight Injury,Morning
Thursday,Over 51,Male,Elementary school,Employee,1-2yr,Lorry (41?100Q),Owner,Other,Undivided Two way,Tangent road with flat terrain,Y Shape,Asphalt roads,Dry,Daylight,Normal,Vehicle with vehicle collision,3,2,Other,3,Changing lane to the left,Slight Injury,Morning
Wednesday,18-30,Male,Junior high school,Owner,5-10yr,Lorry (41?100Q),Owner,Office areas,Undivided Two way,Tangent road with flat terrain,Y Shape,Asphalt roads,Dry,Daylight,Normal,Vehicle with vehicle collision,3,2,Other,3,Changing lane to the right,Slight Injury,Evening
Wednesday,31-50,Male,Junior high school,Employee,5-10yr,Stationwagen,Owner,Other,Undivided Two way,Tangent road with flat terrain,Y Shape,Asphalt roads,Wet or damp,Daylight,Raining,Vehicle with vehicle collision,1,1,Moving Backward,3,No distancing,Slight Injury,Evening
Wednesday,Under 18,Male,High school,Owner,Below 1yr,Other,Owner,Office areas,One way,Steep grade downward with mountainous terrain,Y Shape,Asphalt roads,Dry,Daylight,Normal,Collision with roadside objects,3,1,Going straight,3,Changing lane to the left,Slight Injury,Afternoon
Wednesday,31-50,Male,Junior high school,Employee,Above 10yr,Other,Owner,Residential areas,Two-way (divided with broken lines road marking),Tangent road with flat terrain,Y Shape,Asphalt roads,Dry,Daylight,Normal,Vehicle with vehicle collision,3,1,Moving Backward,3,Changing lane to the right,Slight Injury,Afternoon
Tuesday,18-30,Male,Junior high school,Employee,Below 1yr,Automobile,Organization,Residential areas,Undivided Two way,Tangent road with flat terrain,Y Shape,Asphalt roads,Dry,Daylight,Normal,Vehicle with vehicle collision,2,2,Getting off,3,Changing lane to the left,Slight Injury,Evening
Saturday,31-50,Male,Junior high school,Employee,Above 10yr,Long lorry,Owner, Church areas,Two-way (divided with broken lines road marking),Tangent road with flat terrain,Y Shape,Asphalt roads,Dry,Daylight,Normal,Vehicle with vehicle collision,1,1,Going straight,3,No priority to vehicle,Slight Injury,Night
Monday,18-30,Male,Junior high school,Employee,5-10yr,Long lorry,Governmental,Residential areas,Two-way (divided with broken lines road marking),Tangent road with flat terrain,Y Shape,Earth roads,Wet or damp,Daylight,Raining,Collision with pedestrians,1,1,Going straight,2,Moving Backward,Slight Injury,Morning
Monday,18-30,Male,Junior high school,Owner,Above 10yr,Lorry (41?100Q),Owner,Office areas,One way,Tangent road with flat terrain,Y Shape,Asphalt roads,Wet or damp,Daylight,Raining,Vehicle with vehicle collision,2,2,Moving Backward,3,Turnover,Slight Injury,Morning
Saturday,Over 51,Male,Junior high school,Employee,1-2yr,Automobile,Owner, Industrial areas,Two-way (divided with broken lines road marking),Tangent road with flat terrain,Y Shape,Asphalt roads,Wet or damp,Daylight,Raining,Vehicle with vehicle collision,1,2,Going straight,2,No distancing,Slight Injury,Night
Thursday,18-30,Male,Junior high school,Employee,1-2yr,Taxi,Owner, Church areas,Two-way (divided with broken lines road marking),Tangent road with flat terrain,Y Shape,Other,Dry,Daylight,Normal,Vehicle with vehicle collision,2,1,Going straight,3,Changing lane to the left,Slight Injury,Evening
Tuesday,18-30,Male,High school,Owner,Above 10yr,Automobile,Owner,Other,Two-way (divided with broken lines road marking),Tangent road with flat terrain,Y Shape,Gravel roads,Dry,Daylight,Normal,Vehicle with vehicle collision,1,1,Moving Backward,3,Driving at high speed,Serious Injury,Evening
Tuesday,18-30,Unknown,Elementary school,Employee,2-5yr,Automobile,Owner,Other,Two-way (divided with broken lines road marking),Tangent road with flat terrain,Y Shape,Asphalt roads,Dry,Daylight,Normal,Vehicle with vehicle collision,1,1,Going straight,3,Overtaking,Slight Injury,Evening
Monday,18-30,Male,Junior high school,Employee,Above 10yr,Automobile,Owner,Office areas,Undivided Two way,Tangent road with flat terrain,Y Shape,Asphalt roads,Dry,Daylight,Normal,Collision with pedestrians,1,1,Going straight,3,Other,Slight Injury,Afternoon
Wednesday,Under 18,Female,High school,Employee,2-5yr,Automobile,Owner, Outside rural areas,Two-way (divided with broken lines road marking),Tangent road with mountainous terrain and,Y Shape,Earth roads,Wet or damp,Darkness - lights lit,Windy,Vehicle with vehicle collision,1,1,Moving Backward,3,Changing lane to the left,Serious Injury,Evening
Tuesday,31-50,Male,Junior high school,Employee,1-2yr,Lorry (11?40Q),Owner,Office areas,other,Tangent road with mountainous terrain and,Y Shape,Asphalt roads,Dry,Daylight,Normal,Vehicle with vehicle collision,2,2,Going straight,3,Changing lane to the left,Slight Injury,Night
Tuesday,31-50,Male,Junior high school,Owner,5-10yr,Lorry (41?100Q),Owner, Church areas,Two-way (divided with broken lines road marking),Steep grade downward with mountainous terrain,Y Shape,Asphalt roads,Dry,Darkness - lights lit,Normal,Vehicle with vehicle collision,2,1,Going straight,3,No distancing,Slight Injury,Night
Monday,18-30,Male,Junior high school,Employee,Above 10yr,Stationwagen,Governmental,Office areas,Undivided Two way,Tangent road with flat terrain,Y Shape,Earth roads,Dry,Daylight,Normal,Vehicle with vehicle collision,2,1,Going straight,3,Changing lane to the left,Slight Injury,Evening
Friday,31-50,Male,Junior high school,Employee,1-2yr,Automobile,Owner,Residential areas,Two-way (divided with broken lines road marking),Tangent road with flat terrain,Y Shape,Asphalt roads,Dry,Daylight,Normal,Vehicle with vehicle collision,2,2,Going straight,3,No distancing,Slight Injury,Night
Friday,31-50,Male,Junior high school,Employee,2-5yr,Pick up upto 10Q,Owner,Office areas,other,Tangent road with mountainous terrain and,Y Shape,Asphalt roads,Dry,Daylight,Normal,Vehicle with vehicle collision,2,2,Going straight,2,Moving Backward,Slight Injury,Night
Friday,18-30,Male,High school,Employee,1-2yr,Motorcycle,Owner,Rural village areasOffice areas,other,Tangent road with flat terrain,Y Shape,Asphalt roads,Dry,Daylight,Normal,Vehicle with vehicle collision,1,1,Going straight,3,No distancing,Slight Injury,Night
Friday,Over 51,Female,Junior high school,Employee,1-2yr,Automobile,Owner,Other,Two-way (divided with broken lines road marking),Tangent road with flat terrain,Y Shape,Asphalt roads,Wet or damp,Daylight,Raining,Vehicle with vehicle collision,2,4,Going straight,3,Changing lane to the left,Slight Injury,Afternoon
Wednesday,31-50,Male,Elementary school,Employee,Above 10yr,Pick up upto 10Q,Owner,Residential areas,Undivided Two way,Tangent road with flat terrain,Y Shape,Asphalt roads,Wet or damp,Daylight,Raining,Vehicle with vehicle collision,2,4,Going straight,3,Changing lane to the left,Slight Injury,Evening
Saturday,18-30,Male,Elementary school,Employee,Above 10yr,Stationwagen,Owner,Office areas,Undivided Two way,Tangent road with flat terrain,Y Shape,Asphalt roads,Wet or damp,Daylight,Raining,Vehicle with vehicle collision,2,4,Going straight,2,Changing lane to the left,Slight Injury,Morning
Thursday,Over 51,Male,Junior high school,Employee,5-10yr,Automobile,Owner,Office areas,Undivided Two way,Tangent road with flat terrain,Y Shape,Earth roads,Wet or damp,Daylight,Raining,Vehicle with vehicle collision,2,2,Reversing,3,No priority to pedestrian,Slight Injury,Morning
Thursday,18-30,Male,High school,Owner,2-5yr,Long lorry,Owner,Office areas,Two-way (divided with broken lines road marking),Tangent road with flat terrain,Y Shape,Asphalt roads,Wet or damp,Daylight,Raining,Rollover,2,2,Going straight,3,Getting off the vehicle improperly,Slight Injury,Morning
Wednesday,18-30,Male,Junior high school,Employee,2-5yr,Automobile,Owner,Office areas,Two-way (divided with broken lines road marking),Tangent road with flat terrain,Y Shape,Asphalt roads,Dry,Daylight,Normal,Vehicle with vehicle collision,1,1,Reversing,3,No distancing,Slight Injury,Evening
Wednesday,18-30,Male,Junior high school,Employee,5-10yr,Lorry (11?40Q),Owner,Other,Two-way (divided with broken lines road marking),Tangent road with flat terrain,Y Shape,Asphalt roads,Dry,Daylight,Normal,Collision with roadside objects,2,1,Going straight,3,No priority to vehicle,Slight Injury,Evening
Friday,31-50,Male,Junior high school,Employee,2-5yr,Pick up upto 10Q,Owner,Other,Two-way (divided with broken lines road marking),Tangent road with flat terrain,Y Shape,Earth roads,Wet or damp,Daylight,Normal,Vehicle with vehicle collision,2,1,Reversing,3,No distancing,Serious Injury,Evening
Monday,Over 51,Male,Elementary school,Employee,5-10yr,Other,Owner,School areas,Undivided Two way,Tangent road with mild grade and flat terrain,Y Shape,Asphalt roads,Wet or damp,Daylight,Normal,Vehicle with vehicle collision,2,1,Going straight,3,No priority to pedestrian,Slight Injury,Morning
Monday,31-50,Male,Writing & reading,Employee,2-5yr,Long lorry,Owner,Office areas,Two-way (divided with broken lines road marking),Tangent road with flat terrain,Y Shape,Asphalt roads,Dry,Daylight,Normal,Collision with roadside objects,2,1,Going straight,3,Driving carelessly,Slight Injury,Morning
Friday,18-30,Male,Junior high school,Employee,2-5yr,Lorry (11?40Q),Owner, Church areas,One way,Tangent road with flat terrain,Y Shape,Asphalt roads,Dry,Daylight,Normal,Vehicle with vehicle collision,2,1,Moving Backward,2,Changing lane to the right,Slight Injury,Evening
Saturday,18-30,Male,Junior high school,Employee,1-2yr,Automobile,Owner,Other,One way,Tangent road with flat terrain,Y Shape,Asphalt roads,Dry,Daylight,Normal,Collision with roadside objects,2,1,Going straight,3,Moving Backward,Slight Injury,Evening
Saturday,Over 51,Male,High school,Employee,5-10yr,Taxi,Owner,Other,Two-way (divided with broken lines road marking),Tangent road with flat terrain,Y Shape,Asphalt roads,Dry,Darkness - lights lit,Normal,Collision with roadside objects,1,1,Going straight,3,Driving carelessly,Serious Injury,Evening
Monday,18-30,Male,Junior high school,Employee,1-2yr,Long lorry,Owner,Office areas,Undivided Two way,Tangent road with flat terrain,Y Shape,Asphalt roads,Dry,Daylight,Normal,Vehicle with vehicle collision,2,1,Other,3,Driving to the left,Slight Injury,Evening
Thursday,31-50,Male,High school,Employee,No Licence,Lorry (11?40Q),Owner,Residential areas,Undivided Two way,Tangent road with flat terrain,Y Shape,Asphalt roads,Dry,Daylight,Normal,Collision with roadside objects,1,1,Going straight,3,Changing lane to the left,Serious Injury,Night
Thursday,31-50,Male,Junior high school,Owner,5-10yr,Long lorry,Owner,Office areas,One way,Tangent road with flat terrain,Y Shape,Asphalt roads,Dry,Daylight,Normal,Vehicle with vehicle collision,2,1,Turnover,3,Changing lane to the right,Serious Injury,Night
Monday,Over 51,Female,Junior high school,Employee,1-2yr,Turbo,Owner,Residential areas,Two-way (divided with broken lines road marking),Tangent road with flat terrain,Y Shape,Asphalt roads,Dry,Daylight,Normal,Collision with roadside-parked vehicles,2,1,Going straight,3,Driving carelessly,Serious Injury,Afternoon
Monday,Over 51,Female,Junior high school,Employee,2-5yr,Long lorry,Owner,Office areas,Undivided Two way,Tangent road with flat terrain,Y Shape,Asphalt roads,Dry,Daylight,Normal,Vehicle with vehicle collision,2,1,Moving Backward,3,No distancing,Slight Injury,Afternoon
Thursday,31-50,Female,Junior high school,Employee,5-10yr,Long lorry,Owner,Other,Two-way (divided with broken lines road marking),Tangent road with flat terrain,Y Shape,Asphalt roads,Dry,Daylight,Normal,Collision with roadside objects,2,1,Moving Backward,3,Getting off the vehicle improperly,Slight Injury,Night
Friday,31-50,Male,Junior high school,Employee,5-10yr,Public (13?45 seats),Owner,Office areas,One way,Tangent road with flat terrain,Y Shape,Earth roads,Dry,Daylight,Normal,Vehicle with vehicle collision,2,3,Going straight,3,Driving under the influence of drugs,Slight Injury,Afternoon
Thursday,31-50,Male,Junior high school,Employee,2-5yr,Automobile,Owner,Residential areas,One way,Tangent road with flat terrain,Y Shape,Asphalt roads,Dry,Daylight,Normal,Vehicle with vehicle collision,2,3,Going straight,3,Driving carelessly,Slight Injury,Evening
Sunday,Over 51,Male,Junior high school,Employee,Above 10yr,Pick up upto 10Q,Owner,Office areas,Undivided Two way,Tangent road with flat terrain,Y Shape,Asphalt roads,Dry,Daylight,Normal,Vehicle with vehicle collision,2,3,Going straight,3,Moving Backward,Slight Injury,Afternoon
Sunday,31-50,Male,Junior high school,Owner,Above 10yr,Automobile,Owner,Residential areas,Undivided Two way,Tangent road with flat terrain,Y Shape,Asphalt roads,Dry,Daylight,Normal,Vehicle with vehicle collision,3,3,Going straight,3,Turnover,Slight Injury,Afternoon
Tuesday,18-30,Male,Junior high school,Employee,5-10yr,Stationwagen,Owner,Office areas,Undivided Two way,Tangent road with flat terrain,Y Shape,Asphalt roads,Dry,Daylight,Normal,Collision with roadside-parked vehicles,3,3,Going straight,3,Changing lane to the right,Slight Injury,Afternoon
Tuesday,18-30,Male,Junior high school,Owner,5-10yr,Automobile,Owner,Other,Two-way (divided with broken lines road marking),Tangent road with flat terrain,Y Shape,Asphalt roads,Dry,Darkness - lights lit,Normal,Collision with animals,6,2,Going straight,3,Moving Backward,Slight Injury,Afternoon
Tuesday,31-50,Female,High school,Owner,Above 10yr,Public (13?45 seats),Owner,Office areas,Two-way (divided with broken lines road marking),Tangent road with flat terrain,Y Shape,Asphalt roads,Dry,Darkness - lights lit,Normal,Collision with animals,6,2,Other,3,Overturning,Slight Injury,Afternoon
Wednesday,18-30,Male,Junior high school,Employee,5-10yr,Public (13?45 seats),Organization,  Recreational areas,Two-way (divided with broken lines road marking),Tangent road with flat terrain,Y Shape,Asphalt roads,Dry,Darkness - lights lit,Normal,Collision with animals,6,2,Going straight,2,No distancing,Slight Injury,Morning
Friday,Over 51,Male,Junior high school,Owner,Below 1yr,Pick up upto 10Q,Owner, Church areas,Undivided Two way,Steep grade downward with mountainous terrain,Y Shape,Asphalt roads,Dry,Daylight,Normal,Collision with animals,3,2,Going straight,3,Changing lane to the left,Slight Injury,Afternoon
Friday,Over 51,Male,Junior high school,Owner,2-5yr,Automobile,Owner,Residential areas,Undivided Two way,Tangent road with flat terrain,Y Shape,Asphalt roads,Dry,Daylight,Normal,Collision with animals,3,2,Going straight,3,No priority to pedestrian,Slight Injury,Afternoon
Thursday,31-50,Male,Junior high school,Owner,5-10yr,Long lorry,Owner,Other,Two-way (divided with solid lines road marking),Tangent road with flat terrain,Y Shape,Asphalt roads,Dry,Daylight,Normal,Collision with animals,2,1,Going straight,3,Changing lane to the left,Serious Injury,Afternoon
Sunday,18-30,Male,Elementary school,Owner,Above 10yr,Automobile,Governmental,Other,Two-way (divided with solid lines road marking),Tangent road with flat terrain,Y Shape,Asphalt roads,Dry,Daylight,Normal,Rollover,2,4,Going straight,3,Changing lane to the left,Slight Injury,Morning
Sunday,31-50,Male,Elementary school,Owner,Below 1yr,Stationwagen,Owner, Church areas,Two-way (divided with solid lines road marking),Tangent road with flat terrain,Y Shape,Asphalt roads,Dry,Daylight,Normal,Collision with animals,2,4,Turnover,3,No distancing,Slight Injury,Morning
Sunday,31-50,Male,Junior high school,Owner,5-10yr,Automobile,Owner, Church areas,Two-way (divided with broken lines road marking),Tangent road with flat terrain,Y Shape,Asphalt roads,Dry,Daylight,Normal,Rollover,2,4,Going straight,3,No distancing,Slight Injury,Morning
Monday,Over 51,Male,Junior high school,Owner,5-10yr,Other,Owner,Other,Undivided Two way,Tangent road with flat terrain,Y Shape,Asphalt roads,Dry,Daylight,Normal,Collision with animals,4,2,Going straight,3,No distancing,Slight Injury,Morning